id,latitude,longitude,name,number,address,activate,no_available,total_bases,dock_bikes,free_bases,reservations_count
1,40.4172137,-3.7018341,Puerta del Sol A,1a,Puerta del Sol nº 1,1,1,30,0,0,0
2,40.41731271011562,-3.701602938060457,Puerta del Sol B,1b,Puerta del Sol nº 1,1,1,30,0,0,0
3,40.4205886,-3.7058415,Miguel Moya,2,Calle Miguel Moya nº 1,1,0,24,5,17,0
4,40.4302937,-3.7069171,Plaza Conde Suchil,3,Plaza del Conde del Valle de Súchil nº 3,1,0,18,3,15,0
5,40.4285524,-3.7025875,Malasaña,4,Calle Manuela Malasaña nº 5,1,0,24,5,17,0
6,40.42852,-3.70205,Fuencarral,5,Calle Fuencarral nº 108,1,0,27,7,18,0
7,40.4241480,-3.6984470,Colegio Arquitectos,6,Calle Hortaleza nº 63,1,0,24,8,15,0
8,40.4251906,-3.6977715,Hortaleza,7,Calle Hortaleza nº 75,1,0,21,3,15,0
9,40.4278682,-3.6954403,Alonso Martínez,8,Plaza de Alonso Martínez nº 5,1,0,24,7,14,0
10,40.4156057,-3.7095084,Plaza de San Miguel,9,Plaza de San Miguel nº 9,1,0,24,7,16,0
11,40.42533,-3.69214,Marqués de la Ensenada,10,Calle Marqués de la Ensenada nº 16,1,0,24,5,18,0
12,40.4269483,-3.7035918,San Andrés,11,Calle San Andrés nº 18,1,0,24,1,21,0
13,40.4284246,-3.7061931,San Hermenegildo,12,Calle San Bernardo nº 85,1,0,24,5,18,0
14,40.4273264,-3.7104417,Conde Duque,13,Calle Conde Duque nº 22,1,0,24,14,10,0
15,40.4260957,-3.7134790,Ventura Rodríguez,14,Calle Duque de Liria,1,0,24,6,16,0
16,40.4262383,-3.7074453,San Vicente Ferrer,15,Calle San Vicente Ferrer nº 64,1,1,21,0,0,0
17,40.4230721,-3.7075065,San Bernardo,16,Calle San Bernardo nº 22,1,0,21,5,15,0
18,40.4232649,-3.7038312,Carlos Cambronero,17,Plaza de Carlos Cambronero nº 2,1,0,24,5,15,0
19,40.4207773,-3.6996502,Plaza de Pedro Zerolo,18,Plaza de Pedro Zerolo nº 1,1,0,24,13,10,0
20,40.4218616,-3.6954983,Prim,19,Calle Prim nº 2,1,1,24,0,0,0
21,40.4192342,-3.6954615,Banco de España A,20a,Calle Alcalá nº 49,1,0,30,11,15,0
25,40.4200783,-3.7065376,Jacometrezo,22,Calle Jacometrezo nº 3,1,0,24,11,11,0
26,40.4202834,-3.7081246,Santo Domingo,23,Plaza de Santo Domingo nº 1,1,0,24,10,13,0
27,40.417908,-3.710692,Palacio de Oriente,24,Calle Carlos III nº 1,1,0,24,5,17,0
28,40.4173703,-3.7057791,Plaza de Celenque A,25a,Plaza de Celenque nº 1,1,1,24,0,0,0
29,40.4172781,-3.7063837,Plaza de Celenque B,25b,Plaza de Celenque nº 1,1,1,24,0,0,0
30,40.423855,-3.694475,Plaza de las Salesas,26,Plaza de las Salesas 7,1,0,24,9,13,0
31,40.4132798,-3.6956178,Huertas,27,Calle Jesús nº 1,1,0,24,3,21,0
32,40.4181518,-3.6984368,Sevilla,28,Calle Alcalá nº 27,1,0,24,6,16,0
33,40.4162619,-3.6957355,Marqués de Cubas,29,Calle del Marqués de Cubas nº 25,1,0,24,12,10,0
34,40.4192095,-3.7115040,San Quintín,30,Calle Pavía nº 6,1,0,27,8,18,0
35,40.4163638,-3.7068969,Calle Mayor,31,Calle Mayor nº 20,1,1,27,0,0,0
36,40.4150099,-3.7061032,Plaza de la Provincia,32,Plaza de la Provincia nº 1,1,0,18,12,6,0
37,40.4165039,-3.7030833,Carretas,33,Calle Carretas nº 8,1,1,21,0,0,0
38,40.4146755,-3.7036825,Jacinto Benavente,34,Plaza de Jacinto Benavente,1,1,24,0,0,0
39,40.4141931,-3.7103285,Plaza del Cordón,35,Plaza del Cordón,1,0,24,1,22,0
40,40.4168,-3.71183,Plaza Ramales,36,Plaza de Ramales,1,0,24,7,15,0
41,40.4108,-3.714113,Plaza de San Francisco,37,Plaza de San Francisco nº 5,1,0,24,5,17,0
42,40.4114041,-3.7114762,Plaza de los Carros,38,Carrera de San Francisco nº 1,1,0,24,1,21,0
43,40.4112744,-3.7088337,Plaza de la Cebada,39,Plaza de la Cebada nº 16 ,1,0,27,16,6,0
44,40.4138846,-3.7049407,Conde de Romanones,40,Plaza del Conde de Romanones nº 9,1,0,24,11,11,0
45,40.4122047,-3.6991147,Antón Martín,41,Calle Atocha nº 54,1,0,18,9,5,0
46,40.4107085,-3.6982318,Santa Isabel,42,Calle Atocha nº 95,1,0,24,8,14,0
47,40.4101564,-3.7025024,Jesús y María,43,Calle Lavapiés nº 34,1,0,24,9,12,0
48,40.4097617,-3.7040666,Plaza de Nelson Mandela,44,Calle Mesón de Paredes nº 35,1,0,21,11,10,0
49,40.4070358,-3.7110513,Puerta de Toledo,45,Glorieta de la Puerta de Toledo nº 1,1,0,21,8,10,1
50,40.4053153,-3.7071259,Ribera de Curtidores,46,Calle Ribera de Curtidores nº 28,1,0,24,7,15,0
51,40.4047851,-3.7028265,Embajadores 1,47,Glorieta de Embajadores nº 6,1,0,24,9,12,0
52,40.4056107,-3.7022591,Embajadores 2,48,Glorieta de Embajadores nº 2,1,0,24,6,17,0
53,40.4060941,-3.6992759,Casa Encendida,49,Ronda de Atocha nº 34,1,0,24,13,9,0
54,40.4083684,-3.6933463,Museo Reina Sofía,50,Calle Santa Isabel nº 57,1,0,24,9,12,0
55,40.4075606,-3.6935205,Ronda de Atocha,51,Ronda de Atocha nº 2,1,0,27,13,11,2
56,40.4144226,-3.7007164,Plaza de Santa Ana,52,Plaza de Santa Ana nº 10,1,0,24,22,1,0
57,40.4083061,-3.7007111,Plaza de Lavapiés,53,Calle Valencia nº 1,1,0,24,12,12,0
58,40.4266828,-3.7004230,Barceló,54,Calle Barceló nº 7,1,0,21,7,12,0
59,40.4239757,-3.7020842,Plaza de San Ildefonso,55,Plaza de San Ildefonso,1,0,24,13,10,0
60,40.4184192,-3.7032414,Plaza del Carmen ,56,Plaza del Carmen nº 1,1,0,24,16,8,0
61,40.4295658,-3.7126299,Santa Cruz del Marcenado,57,Calle Santa Cruz del Marcenado nº 24,1,0,24,4,18,0
62,40.4222862,-3.6978950,Augusto Figueroa,58,Calle Augusto Figueroa nº 33,1,0,24,8,14,0
63,40.4255495,-3.7043418,Plaza de Juan Pujol,59,Calle Espíritu Santo nº 30,1,0,21,5,15,0
64,40.4197520,-3.6883980,Plaza de la Independencia,60,Plaza de la Independencia nº 6,1,0,24,4,20,0
65,40.4213983,-3.6752045,Narváez,61,Calle O'Donnell nº 28,1,0,24,3,20,0
66,40.4213148,-3.6724968,O'Donnell,62,Calle O'Donnell nº 50,1,0,24,5,17,0
67,40.4179237,-3.6708959,Ibiza,63,Calle Ibiza nº 62,1,0,24,9,15,0
69,40.4166834,-3.6894193,Antonio Maura,65,Calle Antonio Maura nº 15,1,0,24,13,10,0
71,40.4108472,-3.6932250,Almadén,67,Calle Almadén nº 28,1,0,24,4,18,0
72,40.4128372,-3.6912023,Espalter,68,Calle Espalter nº 1,1,0,21,10,11,0
73,40.4098080,-3.6888220,Puerta del Ángel Caído,69,Avenida de Alfonso XII nº 54,1,0,27,13,13,0
74,40.4153053,-3.6779232,Puerta del Doce de Octubre,70,Avenida de Menéndez Pelayo nº 63,1,0,24,11,13,0
75,40.4159569,-3.6738865,Doce de Octubre,71,Calle Doce de Octubre nº 28,1,0,24,8,14,0
76,40.4157413,-3.6691838,Sainz de Baranda,72,Calle Doctor Esquerdo nº 99,1,0,24,11,13,0
77,40.4114475,-3.6689089,Plaza de los Astros,73,Avenida de Nazaret nº 7,1,0,24,8,16,0
78,40.4117627,-3.6766813,Puerta del Pacífico ,74,Avenida de Menéndez Pelayo nº 73,1,0,24,6,13,0
79,40.4082805,-3.6784838,Menéndez Pelayo,75,Avenida de Menéndez Pelayo con calle Poeta Esteban Villegas,1,0,24,5,19,0
80,40.4071304,-3.6751352,Puerta de Mariano de Cavia,76,Avenida del Mediterráneo nº 19,1,0,24,11,10,0
81,40.4063500,-3.6704220,Conde de Casal,77,Plaza del Conde de Casal nº 8,1,0,22,15,3,0
82,40.400789,-3.674400,Pedro Bosch,78,Calle Cerro de la Plata nº 2,1,0,24,15,7,0
83,40.4051451,-3.6803874,Puerta de Granada,79,Avenida de Menéndez Pelayo nº 38,1,0,24,16,5,0
84,40.4075685,-3.6902255,Atocha A,80a,Paseo de la Infanta Isabel nº 3,1,0,24,9,13,0
85,40.4074902,-3.6901234,Atocha B,80b,Paseo de la Infanta Isabel nº 3,1,0,27,26,0,0
86,40.4092970,-3.6919870,Cuesta de Moyano,81,Cuesta de Claudio Moyano,1,0,24,5,18,0
87,40.4084556,-3.6697526,Niño Jesús,82,Calle Doctor Esquerdo nº 161,1,0,24,11,11,0
88,40.4132995,-3.6745323,Pío Baroja,83,Calle Pío Baroja nº 10,1,0,24,14,9,0
89,40.4032501,-3.6726019,Valderribas,84,Calle Doctor Esquerdo nº 191,1,1,24,0,0,0
90,40.4215010,-3.6800080,Puerta de Madrid,85,Avenida de Menéndez Pelayo esquina calle O'Donnell,1,0,27,7,19,0
91,40.4186516,-3.6933498,Cibeles,86,Plaza Cibeles,1,0,21,15,5,0
92,40.4277360,-3.6832566,Ayala,87,Calle Ayala nº 44,1,0,24,17,6,0
93,40.4313576,-3.6838303,Embajada de Italia,88,Calle Velázquez nº 75,1,0,24,8,16,0
94,40.4272582,-3.6752024,Conde Peñalver,89,Calle Ayala nº 102,1,0,24,7,17,0
95,40.4250361,-3.6837876,General Pardiñas,90,Calle Goya nº 18,1,0,30,12,16,0
96,40.4261340,-3.6787441,Príncipe de Vergara,91,Calle Hermosilla nº 70,1,0,24,9,15,0
97,40.4262945,-3.6865463,Claudio Coello,92,Calle Claudio Coello nº 45,1,0,24,14,9,0
98,40.4257046,-3.6893698,Plaza de Colón,93,Calle Goya nº 1,1,0,24,7,15,0
99,40.4232153,-3.690756,Biblioteca Nacional,94,Paseo de Recoletos nº 20,1,0,21,5,15,0
100,40.4226584,-3.6870548,Villanueva,95,Calle Claudio Coello nº 109,1,0,24,4,19,0
101,40.4220640,-3.6821793,Castelló,96,Calle Alcalá nº 111,1,0,27,12,15,0
102,40.4222969,-3.6805189,Alcalá,97,Avenida de Menéndez Pelayo nº 3,1,0,27,6,20,0
103,40.4239447,-3.6758383,Plaza de Felipe II,98,Plaza de Felipe II,1,0,24,13,10,0
104,40.4261851,-3.6738714,Alcántara,99,Calle Alcántara nº 2,1,0,24,12,12,0
105,40.42478,-3.67384,Palacio de Deportes,100,Calle Goya nº 99,1,0,24,15,8,0
106,40.4231526,-3.6691524,Jorge Juan,101,Calle Jorge Juan nº 131,1,0,24,11,12,0
107,40.4211802,-3.6840229,Velázquez,102,Calle Alcalá nº 95,1,0,24,6,18,0
108,40.43037,-3.68653,Ortega y Gasset,103,Calle José Ortega y Gasset nº 4,1,0,24,22,2,0
109,40.42677,-3.68958,Castellana,104,Paseo de la Castellana nº 4,1,0,21,5,16,0
110,40.42699,-3.68745,Serrano,105,Calle Serrano nº 54,1,0,24,7,17,0
111,40.4251002,-3.6877227,Colón A,106a,Calle Serrano nº 34,1,0,18,3,14,0
112,40.4249630,-3.6877450,Colón B,106b,Calle Serrano nº 34,1,0,18,3,15,0
113,40.4215246,-3.6884369,Columela,107,Calle Serrano nº 8,1,0,24,3,21,0
114,40.4273005,-3.6706024,Mártires Concepcionistas,108,Calle Mártires Concepcionistas nº 2,1,0,27,18,7,0
115,40.4300481,-3.6816402,Marqués de Salamanca,109,Calle José Ortega y Gasset nº 30,1,0,24,1,23,0
116,40.4347895,-3.7200845,Moncloa,110,Paseo de Moret nº 2,1,0,24,1,19,0
117,40.4337322,-3.7175435,Arcipreste de Hita A,111a,Calle Arcipreste de Hita nº 12,1,0,24,7,16,0
118,40.4341006,-3.7179687,Arcipreste de Hita B,111b,Calle Arcipreste de Hita nº 12,1,0,24,8,14,0
119,40.4325991,-3.7246532,Paseo de Moret,112,Paseo de Moret nº 11,1,0,24,8,14,0
120,40.4276570,-3.7205129,Pintor Rosales,113,Paseo del Pintor Rosales frente al nº 38,1,0,24,13,11,0
121,40.4277456,-3.7174158,Quintana,114,Calle Quintana nº 11,1,0,24,14,9,0
122,40.4253944,-3.7170448,Ferraz,115,Calle Evaristo San Miguel nº 2,1,0,24,15,9,0
123,40.423668,-3.713053,Plaza de España A,116a,Calle Princesa nº 5,1,0,24,4,17,0
124,40.423681,-3.710537,Plaza de España B,116b,Calle Princesa nº 5,1,0,24,8,13,0
125,40.4309797,-3.7188898,Altamirano,117,Calle Altamirano nº 24,1,0,24,15,6,0
126,40.4007810,-3.6882407,Juan Martín,118,Calle Juan Martín el Empecinado nº 16,1,0,24,13,11,0
127,40.4013216,-3.6863218,Méndez Álvaro,119,Calle Méndez Álvaro nº 11,1,0,24,5,19,0
128,40.4032208,-3.6944768,Palos de la Frontera,120,Calle Palos de la Frontera nº 27,1,0,24,20,3,0
129,40.4017926,-3.6987665,Santa María de la Cabeza,121,Paseo de Santa María de la Cabeza nº 58,1,0,24,8,14,0
130,40.4291992,-3.6967169,Santa Engracia 14,122,Calle Santa Engracia nº 14,1,0,24,5,17,0
131,40.4306458,-3.7133412,Guzmán el Bueno,123,Calle Guzmán el Bueno nº 1,1,0,24,18,4,0
169,40.4309524,-3.6993465,Manuel Silvela,124,Calle Manuel Silvela nº 20,1,0,24,4,17,0
164,40.4352850,-3.6948626,General Martínez Campos ,125,Calle Fernández de la Hoz nº 29,1,0,24,4,20,0
163,40.4344731,-3.7015686,General Álvarez de Castro,126,Calle del General Álvarez de Castro nº 1,1,0,24,11,12,0
168,40.4338516,-3.7084390,Fernando el Católico,127,Calle Fernando el Católico nº 19,1,0,24,16,7,1
160,40.4389940,-3.7154329,Cea Bermúdez,128,Calle Cea Bermúdez nº 59,1,0,27,6,20,0
161,40.4383865,-3.6982353,José Abascal,129,Calle José Abascal nº 33,1,0,24,1,21,0
157,40.44156,-3.70164,Santa Engracia 127,130,Calle Santa Engracia nº 127,1,0,20,5,15,0
156,40.4418402,-3.7040344,Bravo Murillo 44,131,Calle Bravo Murillo nº 44,1,0,24,14,10,0
149,40.4463667,-3.7036675,Glorieta de los Cuatro Caminos,132,Calle Santa Engracia nº 168,1,0,24,7,12,0
150,40.4471250,-3.7001669,Raimundo Fernández,133,Calle Raimundo Fernández Villaverde nº 33,1,0,24,3,20,0
153,40.4440297,-3.6956047,Agustín de Betancourt,134,Calle María de Guzmán nº 58,1,0,24,9,13,0
158,40.4415974,-3.6927821,Plaza de San Juan de la Cruz,135,Plaza de San Juan de la Cruz nº 11,1,0,24,4,20,0
151,40.4453307,-3.6908610,Castellana 106,136,Paseo de la Castellana nº 106,1,0,24,19,4,0
152,40.4454110,-3.6853312,Plaza de la República Argentina,137,Plaza de la República Argentina nº 6,1,0,24,12,12,0
154,40.4457414,-3.6917932,Paseo de la Castellana con Raimundo Fernández,138,Paseo de la Castellana esquina calle Raimundo Fernández Villaverde,1,0,24,13,7,0
159,40.4396792,-3.6907784,José Gutiérrez Abascal ,139,Calle José Gutiérrez Abascal nº 2,1,0,24,5,18,0
162,40.4385127,-3.6831578,Velázquez 130,140,Calle Velázquez nº 130,1,0,27,4,23,0
165,40.4355143,-3.6892368,Paseo de la Castellana - Glorieta de Emilio Castelar,141,Paseo de la Castellana nº 43,1,0,12,1,10,0
167,40.4334087,-3.6879154,Castellana 42,142,Paseo de la Castellana nº 42,1,0,24,1,21,0
166,40.4345973,-3.6784920,Diego de León 52,143,Calle Diego de León nº 52,1,0,24,7,17,0
170,40.4323655,-3.6758555,Juan Bravo 50,144,Calle Juan Bravo nº 50,1,0,24,6,18,0
171,40.4298870,-3.6712823,Ortega y Gasset 87,145,Calle Ortega y Gasset nº 87,1,0,24,13,11,0
155,40.4442258,-3.6787169,María Francisca 1,146,Calle María Francisca nº 1,1,0,18,10,6,0
148,40.4483269,-3.6797296,Doctor Arce 45,147,Avenida del Doctor Arce nº 45,1,0,24,8,16,0
144,40.4510188,-3.6817962,Serrano 210,148,Calle Serrano nº 210,1,0,24,8,16,0
146,40.4498613,-3.6881689,Paseo de la Habana 42,149,Paseo de la Habana nº 42,1,0,24,17,7,0
147,40.4488924,-3.6905604,Castellana frente a Hermanos Pinzón,150,Paseo de la Castellana nº 122,1,0,24,5,14,0
145,40.4489101,-3.6952943,Orense 12,151,Calle Orense nº 12,1,0,24,10,14,0
142,40.4527164,-3.6990077,General Perón 1,152,Avenida del General Perón frente al nº 4,1,1,24,0,0,0
143,40.4522454,-3.693085,General Perón con Poeta Joan Maragall,153,Avenida del General Perón frente al nº 36,1,1,24,0,0,0
141,40.4548456,-3.6946218,Orense 36,154,Calle Orense nº 36,1,0,24,13,9,1
139,40.4572824,-3.7009675,San Germán 57,155,Calle San Germán nº 57,1,0,24,17,6,0
140,40.4592351,-3.6915330,Sor Ángela de la Cruz,156,Calle Sor Ángela de la Cruz nº 2,1,0,24,8,15,0
137,40.4591366,-3.6894151,Castellana 164,157,Paseo de la Castellana nº 164,1,0,24,15,8,0
138,40.4585318,-3.6847150,Alberto Alcocer,158,Avenida de Alberto Alcocer nº 22,1,0,24,9,14,0
173,40.4543852,-3.6835926,Paseo de la Habana 63,159,Paseo de la Habana nº 63,1,0,24,8,14,0
172,40.4572466,-3.6763439,Colombia,160,Calle Colombia nº 7,1,0,24,13,8,0
132,40.4219665,-3.7224983,Paseo de la Florida,161,Paseo de la Florida nº 8,1,0,27,18,7,0
133,40.4034076,-3.7108108,Metro Pirámides,162,Paseo de los Olmos nº 28,1,0,24,10,14,0
134,40.4035988,-3.7064516,Paseo de la Esperanza,163,Paseo de la Esperanza nº 2,1,0,21,5,15,0
136,40.3972616,-3.6945025,Paseo de las Delicias,164,Paseo de las Delicias nº 92,1,0,24,9,15,0
135,40.3928821,-3.6975708,Entrada Matadero,165,Paseo de la Chopera nº 14,1,0,27,14,11,0
174,40.4138333,-3.7135833,Segovia 26,166,Calle Segovia nº 26,1,0,24,10,12,0
175,40.413736,-3.717487,Segovia 45,167,Calle Segovia nº 45,1,0,24,10,3,0
176,40.4044722,-3.6959166,Batalla del Salado,168,Paseo Santa María de la Cabeza nº 29,1,0,24,13,9,0
177,40.4016111,-3.7138055,Pirámides,169,Calle Toledo nº 181,1,0,24,2,22,0
178,40.401,-3.7043611,Paseo de la Esperanza,170,Paseo de la Esperanza nº 21,1,0,24,2,21,0
179,40.39975,-3.6983888,Embajadores-Cáceres,171,Calle Embajadores nº 101,1,0,24,4,19,0
180,40.4008888,-3.6935833,Delicias,172,Calle Bustamante nº 1,1,0,24,13,10,0
181,40.3981798,-3.7023918,Puente Praga,173,Paseo de la Esperanza nº 59,1,0,24,19,1,0
182,40.3974444,-3.7065277,Madrid Río-Yeserías,174,Paseo de Yeserías nº 45,1,0,27,19,8,0
183,40.3962222,-3.6983055,Jaime el Conquistador,175,Calle Jaime el Conquistador nº 30,1,0,21,4,12,0
184,40.39425,-3.6937222,Beata,176,Calle Alicante nº 3,1,0,24,6,17,0
185,40.3914722,-3.6941944,Legazpi,177,Calle Bolívar nº 3,1,0,24,17,6,0
186,40.4029202,-3.6788343,Junta Municipal Retiro,178,Calle León Gil de Palacio nº 3,1,0,24,23,0,0
187,40.3979722,-3.66925,Puente de Vallecas,179,Avenida de la Albufera nº 6,1,0,24,9,15,0
188,40.3941388,-3.6758888,Méndez Álvaro,180,Calle Retama nº 5,1,0,24,16,8,0
189,40.41825,-3.6766111,Retiro-Ibiza,181,Calle Ibiza nº 18,1,0,27,6,21,0
190,40.4186666,-3.6657777,Parque Roma,182,Calle Alcalde Sáinz de Baranda frente al nº 107,1,0,24,6,15,0
191,40.425635,-3.669339,Doctor Esquerdo-Hermosilla,183,Calle Hermosilla nº 135,1,0,24,12,11,0
192,40.426,-3.6653055,Marqués de Zafra,184,Paseo Marqués de Zafra nº 24,1,0,24,2,21,0
193,40.4250833,-3.6615277,Quinta Fuente del Berro,185,Calle Sancho Dávila esquina Paseo Marqués de Zafra,1,0,24,1,23,0
194,40.4290555,-3.6782777,General Pardiñas,186,Calle General Pardiñas nº 56,1,0,24,2,22,0
195,40.4301666,-3.6638888,Alcalá-Ventas,187,Calle Alejandro González nº 1,1,0,24,15,9,0
196,40.4311944,-3.6590555,Puente de Ventas,188,Avenida de Daroca nº 2,1,0,27,14,12,0
197,40.4351256,-3.6554918,Avenida Donostiarra,189,Calle Virgen de la Alegría nº 18,1,0,24,14,7,0
198,40.4343333,-3.6835833,Velázquez-Diego de León,190,Calle Velázquez nº 91,1,0,24,10,13,0
199,40.4346388,-3.674,Diego de león,191,Calle Alonso Heredia nº 1,1,0,18,6,12,0
200,40.4318611,-3.6714166,Avenida de los Toreros,192,Avenida de los Toreros nº 3,1,0,27,11,14,0
201,40.4324722,-3.6655555,Ventas,193,Avenida de los Toreros nº 49,1,0,27,4,19,0
202,40.43725,-3.6772222,Avenida de América 2,194,Calle Francisco Silvela nº 86,1,0,24,5,19,0
203,40.4392222,-3.6754444,Avenida de América 1,195,Calle Padre Indalecio Hernández nº 1,1,0,24,9,15,0
204,40.4441388,-3.6751388,Prosperidad,196,Calle Suero de Quiñones nº 2,1,0,24,12,6,0
205,40.4515833,-3.6780555,Parque Berlín,197,Avenida de Concha Espina nº 34,1,0,24,12,12,0
206,40.4331111,-3.6915555,Rubén Darío,198,Glorieta Rubén Darío 2,1,0,24,2,21,0
207,40.4343611,-3.7149166,Fernando el Católico,199,Calle Fernando el Católico nº 61,1,0,27,10,17,0
208,40.4336944,-3.7046666,Quevedo,200,Glorieta de Quevedo nº 5,1,0,24,11,10,0
209,40.4386944,-3.7038333,Canal,201,Calle José Abascal frente al nº 2,1,0,24,7,16,0
210,40.4411388,-3.7080833,Parque Santander,202,Calle Santander esquina con Avenida de Filipinas,1,0,24,8,14,0
211,40.44175,-3.7144722,San Francisco de Sales,203,Calle General Ampudia nº 2,1,0,24,13,11,0
212,40.4476666,-3.7041666,Cuatro Caminos 2,204,Calle Doctor Santero nº 1,1,0,24,8,16,0
213,40.4535,-3.7032777,Estrecho,205,Calle Navarra nº 1,1,0,24,10,11,0
214,40.4607502,-3.6989925,Metro Tetuán,206,Calle Marqués de Viana nº 3,1,0,24,13,10,0
215,40.4630277,-3.6973333,Remonta,207,Calle Azucenas nº 1,1,0,18,4,11,0
216,40.4663611,-3.6886388,Plaza de Castilla,208,Paseo de la Castellana nº 216,1,0,24,12,12,0
217,40.4656779,-3.6887722,Plaza de Castilla 2,209,Paseo Castellana (Fundación Canal),1,0,24,10,14,0
218,40.419674,-3.7026735,Tres Cruces,210,Calle Tres Cruces nº 7,1,1,27,0,0,0
219,40.42059,-3.70239,Desengaño,211,Calle Desengaño nº 1,1,0,24,23,1,0
220,40.398247,-3.716591,Marqués de Vadillo,212,Glorieta Marqués de Vadillo nº 9,1,0,24,11,12,0
221,40.38895,-3.70017,Glorieta de Cádiz,213,Calle Antonio López nº 129,1,0,24,20,3,0
222,40.44315,-3.65741,Condesa de Venadito,214,Calle Condesa de Venadito nº 2,1,0,24,7,17,0
223,40.429706,-3.640994,Gutierre de Cetina,215,Calle Gutierre de Cetina nº 77,1,0,24,8,12,0
224,40.413764,-3.728318,Puerta del Ángel,216,Plaza Puerta del Ángel nº 4,1,0,24,16,6,0
225,40.481086,-3.688463,Pedro Rico,217,Calle Pedro Rico nº 4,1,0,24,9,15,0
226,40.41053,-3.65779,Camino Vinateros,218,Calle Camino de los Vinateros nº 28,1,0,24,11,10,0
227,40.408264,-3.646697,Marroquina,219,Calle Camino de los Vinateros nº 108,1,0,24,13,10,0
228,40.40617,-3.65122,Plaza del Encuentro,220,Calle Arroyo de las Pilillas nº 6,1,0,24,10,14,0
229,40.400368,-3.634587,Pavones,221,Calle Hacienda de Pavones nº 342,1,0,24,18,5,0
230,40.3917871,-3.7026789,Antonio López,222,Calle Eugenio Caxes frente al nº 12,1,0,24,20,3,0
231,40.406837862773465 ,-3.7244893989507686,Ermita Santo,223,Paseo de la Ermita del Santo nº 48,1,0,24,9,13,0
232,40.40913630273305,-3.728533714316331,Caramuel,224,Calle Caramuel nº 51,1,0,24,1,23,0
233,40.40248333540473,-3.660188083470652,Doctor Lozano,225,Calle Sierra Toledana nº 33,1,0,24,15,8,0
234,40.39901531507069,-3.6607768678037744,Sierra Toledana,226,Camino de Valderribas nº 94,1,0,24,10,13,0
236,40.39382977920336,-3.6659362429356372,Concordia,227,Calle Arroyo del Olivar nº 6,1,0,24,7,16,0
235,40.39440607959559,-3.7080429728445563,San Delfín,228,Calle San Delfín nº 9,1,0,24,20,3,0
237,40.43715089959262,-3.64835857929032,C.D. Concepción,229,Calle Jose del Hierro nº 5,1,0,24,8,14,0
238,40.44370542379883,-3.648958444298144,Carlota O’Neill,230,Calle Carlota O'Neill nº 32,1,0,24,8,16,0
239,40.43965673033275,-3.6557656204708775,Derechos Humanos,231,Calle Derechos Humanos nº 12,1,0,24,8,15,0
240,40.43272086245887,-3.6485306152875148,José María Pereda,232,Calle José María de Pereda nº 1,1,0,24,2,22,0
241,40.422962108947424,-3.6555552857442697,Marqués de Corbera 12,233,Avenida Marqués de Corbera nº 12,1,0,24,10,14,1
242,40.426207143200884,-3.651034981803642,Marqués de Corbera 52,234,Avenida Marqués de Corbera nº 52,1,0,24,9,9,0
243,40.389258643579105,-3.6903589643353483,Embajadores 191,235,Calle Sodio nº 1B,1,0,24,11,13,0
244,40.40765396169372,-3.7172213778842007,Paseo Imperial,236,Paseo Imperial nº 20,1,0,24,11,12,0
245,40.451333,-3.710525,Pablo Iglesias,237,Calle Francisco Balseiro nº 1,1,1,24,0,0,0
246,40.45619382579544,-3.6929376751795306,San Germán 5,238,Calle San Germán nº 5,1,0,24,7,14,0
247,40.45673408797698,-3.708002730875242,Francos Rodríguez,239,Calle Francos Rodríguez nº 62,1,0,24,3,20,0
248,40.43666,-3.66096,Avenida Brasilia,240,Avenida de Brasilia frente al nº 9,1,0,24,8,15,0
249,40.4378,-3.66779,Camilo José Cela,241,Avenida de Camilo José Cela nº 23,1,0,24,9,15,0
250,40.43865,-3.66301,Avenida Bruselas,242,Avenida Bruselas nº 56,1,0,24,12,12,0
251,40.43503,-3.67012,Cartagena,243,Calle Cartagena nº 34,1,0,24,4,19,0
252,40.44003,-3.71757,Hospital Clínico,244,Calle Isaac Peral nº 44,1,0,24,7,16,0
253,40.4364,-3.71019,Galileo,245,Calle Galileo nº 63,1,0,24,21,3,0
254,40.43604,-3.69928,Santa Engracia 87,246,Calle Santa Engracia nº 87,1,0,24,5,18,0
270,40.43837,-3.69281,Zurbano,247,Calle Zurbano nº 90,1,0,24,8,13,0
256,40.47435,-3.68797,Torre Cepsa,248,Calle Sinesio Delgado nº 2,1,0,24,11,10,0
257,40.47938,-3.68532,Manuel Caldeiro,249,Paseo de la Castellana nº 298,1,0,24,9,14,0
258,40.44106,-3.68609,Serrano 113,250,Calle Serrano nº 113B,1,0,24,6,17,0
259,40.44421,-3.66683,Corazón de María,251,Calle Santa Hortensia nº 31,1,0,24,5,19,0
260,40.4716,-3.68391,Chamartín,252,Calle Rodríguez Jaén nº 40,1,0,24,5,17,0
261,40.45546,-3.68844,Doctor Fleming,253,Calle Doctor Fleming nº 7,1,0,21,13,8,0
262,40.46041,-3.67712,Pío XII,254,Avenida Pío XII nº 3,1,0,24,10,14,0
263,40.46361,-3.68514,López Pozas,255,Calle General López Pozas nº 2,1,0,24,6,18,0
264,40.44635,-3.71383,Reina Victoria,256,Calle Beatriz de Bobadilla frente al nº 2,1,0,24,18,5,0
265,40.43896,-3.72997,INEF,257,Avenida Juan de Herrera frente a la calle Paul Guinard,1,0,24,11,12,0
266,40.44375,-3.72699,Ciudad Universitaria 1,258,Avenida de la Complutense (Metro Ciudad Universitaria),1,0,24,4,15,0
267,40.44342,-3.72693,Ciudad Universitaria 2,259,Avenida de la Complutense (Metro Ciudad Universitaria),1,0,24,9,15,0
268,40.4483322,-3.7272945,Facultad Biología,260,Calle José Antonio Novais frente al nº 12,1,0,24,17,7,0
269,40.45109,-3.72937,Facultad Derecho,261,Avenida Complutense nº 23,1,0,24,14,10,0
